{
  "development": {
    "DB_NAME": "postgres",
    "DB_USER": "postgres",
    "DB_PASSWORD": "mosquito16",
    "DB_HOST": "database-user.cegwgkxckrdk.sa-east-1.rds.amazonaws.com",
    "DB_PORT": 5432,
    "NODE_ENV": "dev",
    "DB_DIALECT": "postgres",
    "SECURITY_GROUP_ID": "sg-af16b5db",
    "SUBNET1_ID": "subnet-3fd2be59",
    "SUBNET2_ID": "subnet-2d2d4064",
    "SUBNET3_ID": "subnet-2a583271"
  },
  "production": {
    "DB_NAME": "simple",
    "DB_USER": "postgres",
    "DB_PASSWORD": "mosquito16",
    "DB_HOST": "127.0.0.1",
    "DB_PORT": 5432,
    "NODE_ENV": "prod",
    "DB_DIALECT": "postgres",
    "SECURITY_GROUP_ID": "sg-af16b5db",
    "SUBNET1_ID": "subnet-3fd2be59",
    "SUBNET2_ID": "subnet-2d2d4064",
    "SUBNET3_ID": "subnet-2a583271"
  }
}
